0|1
analysis|analysis
analysis|app
analysis|dspace integration
analysis|eprint integration
analysis|feather integration
analysis|hdf5 integration
analysis|interactive preview
analysis|jquery plugin
analysis|microsoft power bi integration
analysis|mongo integration
analysis|ms - sql
analysis|new data column
analysis|online service
analysis|quality of data
analysis|reference datum on inflation
analysis|spss integration
analysis|tool
analysis|useful metadata
analysis|way
analysis|web socket protocol
app|app
command line tool|analysis
command line tool|app
command line tool|command line tool
command line tool|datum package
command line tool|doi
command line tool|dspace integration
command line tool|elasticsearch integration
command line tool|eml dataset
command line tool|eprint integration
command line tool|excel spreadsheet
command line tool|exist wizard
command line tool|exploratory data analysis
command line tool|feather integration
command line tool|funding
command line tool|general country name
command line tool|general reference datum
command line tool|hdf5 integration
command line tool|how many user
command line tool|interactive preview
command line tool|jquery plugin
command line tool|microsoft power bi integration
command line tool|ml dataset
command line tool|mongo integration
command line tool|ms - sql
command line tool|new data column
command line tool|new visualization
command line tool|online service
command line tool|preview button
command line tool|quality of data
command line tool|reference datum on inflation
command line tool|spss integration
command line tool|tool
command line tool|useful metadata
command line tool|way
command line tool|web socket protocol
dat integration|analysis
dat integration|app
dat integration|command line tool
dat integration|dat integration
dat integration|datum
dat integration|datum package
dat integration|doi
dat integration|dspace integration
dat integration|elasticsearch integration
dat integration|eml dataset
dat integration|eprint integration
dat integration|excel spreadsheet
dat integration|exist wizard
dat integration|exploratory data analysis
dat integration|feather integration
dat integration|funding
dat integration|general country name
dat integration|general reference datum
dat integration|hdf5 integration
dat integration|how many user
dat integration|integration
dat integration|interactive preview
dat integration|jquery plugin
dat integration|microsoft power bi integration
dat integration|ml dataset
dat integration|mongo integration
dat integration|ms - sql
dat integration|netcdf integration
dat integration|new data column
dat integration|new visualization
dat integration|online service
dat integration|preview button
dat integration|quality of data
dat integration|reference datum on inflation
dat integration|reproducible step
dat integration|spss integration
dat integration|tool
dat integration|useful metadata
dat integration|visualization
dat integration|way
dat integration|web socket protocol
datum|analysis
datum|app
datum|command line tool
datum|datum
datum|datum package
datum|doi
datum|dspace integration
datum|elasticsearch integration
datum|eml dataset
datum|eprint integration
datum|excel spreadsheet
datum|exist wizard
datum|exploratory data analysis
datum|feather integration
datum|funding
datum|general country name
datum|general reference datum
datum|hdf5 integration
datum|how many user
datum|integration
datum|interactive preview
datum|jquery plugin
datum|microsoft power bi integration
datum|ml dataset
datum|mongo integration
datum|ms - sql
datum|netcdf integration
datum|new data column
datum|new visualization
datum|online service
datum|preview button
datum|quality of data
datum|reference datum on inflation
datum|spss integration
datum|tool
datum|useful metadata
datum|visualization
datum|way
datum|web socket protocol
datum package|analysis
datum package|app
datum package|datum package
datum package|dspace integration
datum package|eprint integration
datum package|feather integration
datum package|funding
datum package|general reference datum
datum package|hdf5 integration
datum package|interactive preview
datum package|jquery plugin
datum package|microsoft power bi integration
datum package|ml dataset
datum package|mongo integration
datum package|ms - sql
datum package|new data column
datum package|online service
datum package|quality of data
datum package|reference datum on inflation
datum package|spss integration
datum package|tool
datum package|useful metadata
datum package|way
datum package|web socket protocol
doi|analysis
doi|app
doi|datum package
doi|doi
doi|dspace integration
doi|eprint integration
doi|excel spreadsheet
doi|feather integration
doi|funding
doi|general country name
doi|general reference datum
doi|hdf5 integration
doi|how many user
doi|interactive preview
doi|jquery plugin
doi|microsoft power bi integration
doi|ml dataset
doi|mongo integration
doi|ms - sql
doi|new data column
doi|online service
doi|preview button
doi|quality of data
doi|reference datum on inflation
doi|spss integration
doi|tool
doi|useful metadata
doi|way
doi|web socket protocol
dspace integration|app
dspace integration|dspace integration
dspace integration|eprint integration
dspace integration|feather integration
dspace integration|hdf5 integration
dspace integration|interactive preview
dspace integration|jquery plugin
dspace integration|microsoft power bi integration
dspace integration|mongo integration
dspace integration|ms - sql
dspace integration|new data column
dspace integration|online service
dspace integration|quality of data
dspace integration|reference datum on inflation
dspace integration|spss integration
dspace integration|tool
dspace integration|useful metadata
dspace integration|way
dspace integration|web socket protocol
elasticsearch integration|analysis
elasticsearch integration|app
elasticsearch integration|datum package
elasticsearch integration|doi
elasticsearch integration|dspace integration
elasticsearch integration|elasticsearch integration
elasticsearch integration|eml dataset
elasticsearch integration|eprint integration
elasticsearch integration|excel spreadsheet
elasticsearch integration|exist wizard
elasticsearch integration|feather integration
elasticsearch integration|funding
elasticsearch integration|general country name
elasticsearch integration|general reference datum
elasticsearch integration|hdf5 integration
elasticsearch integration|how many user
elasticsearch integration|interactive preview
elasticsearch integration|jquery plugin
elasticsearch integration|microsoft power bi integration
elasticsearch integration|ml dataset
elasticsearch integration|mongo integration
elasticsearch integration|ms - sql
elasticsearch integration|new data column
elasticsearch integration|online service
elasticsearch integration|preview button
elasticsearch integration|quality of data
elasticsearch integration|reference datum on inflation
elasticsearch integration|spss integration
elasticsearch integration|tool
elasticsearch integration|useful metadata
elasticsearch integration|way
elasticsearch integration|web socket protocol
eml dataset|analysis
eml dataset|app
eml dataset|datum package
eml dataset|doi
eml dataset|dspace integration
eml dataset|eml dataset
eml dataset|eprint integration
eml dataset|excel spreadsheet
eml dataset|exist wizard
eml dataset|feather integration
eml dataset|funding
eml dataset|general country name
eml dataset|general reference datum
eml dataset|hdf5 integration
eml dataset|how many user
eml dataset|interactive preview
eml dataset|jquery plugin
eml dataset|microsoft power bi integration
eml dataset|ml dataset
eml dataset|mongo integration
eml dataset|ms - sql
eml dataset|new data column
eml dataset|online service
eml dataset|preview button
eml dataset|quality of data
eml dataset|reference datum on inflation
eml dataset|spss integration
eml dataset|tool
eml dataset|useful metadata
eml dataset|way
eml dataset|web socket protocol
eprint integration|app
eprint integration|eprint integration
eprint integration|feather integration
eprint integration|hdf5 integration
eprint integration|interactive preview
eprint integration|jquery plugin
eprint integration|microsoft power bi integration
eprint integration|mongo integration
eprint integration|ms - sql
eprint integration|online service
eprint integration|quality of data
eprint integration|web socket protocol
excel spreadsheet|analysis
excel spreadsheet|app
excel spreadsheet|datum package
excel spreadsheet|dspace integration
excel spreadsheet|eprint integration
excel spreadsheet|excel spreadsheet
excel spreadsheet|feather integration
excel spreadsheet|funding
excel spreadsheet|general country name
excel spreadsheet|general reference datum
excel spreadsheet|hdf5 integration
excel spreadsheet|how many user
excel spreadsheet|interactive preview
excel spreadsheet|jquery plugin
excel spreadsheet|microsoft power bi integration
excel spreadsheet|ml dataset
excel spreadsheet|mongo integration
excel spreadsheet|ms - sql
excel spreadsheet|new data column
excel spreadsheet|online service
excel spreadsheet|preview button
excel spreadsheet|quality of data
excel spreadsheet|reference datum on inflation
excel spreadsheet|spss integration
excel spreadsheet|tool
excel spreadsheet|useful metadata
excel spreadsheet|way
excel spreadsheet|web socket protocol
exist wizard|analysis
exist wizard|app
exist wizard|datum package
exist wizard|doi
exist wizard|dspace integration
exist wizard|eprint integration
exist wizard|excel spreadsheet
exist wizard|exist wizard
exist wizard|feather integration
exist wizard|funding
exist wizard|general country name
exist wizard|general reference datum
exist wizard|hdf5 integration
exist wizard|how many user
exist wizard|interactive preview
exist wizard|jquery plugin
exist wizard|microsoft power bi integration
exist wizard|ml dataset
exist wizard|mongo integration
exist wizard|ms - sql
exist wizard|new data column
exist wizard|online service
exist wizard|preview button
exist wizard|quality of data
exist wizard|reference datum on inflation
exist wizard|spss integration
exist wizard|tool
exist wizard|useful metadata
exist wizard|way
exist wizard|web socket protocol
exploratory data analysis|analysis
exploratory data analysis|app
exploratory data analysis|datum package
exploratory data analysis|doi
exploratory data analysis|dspace integration
exploratory data analysis|elasticsearch integration
exploratory data analysis|eml dataset
exploratory data analysis|eprint integration
exploratory data analysis|excel spreadsheet
exploratory data analysis|exist wizard
exploratory data analysis|exploratory data analysis
exploratory data analysis|feather integration
exploratory data analysis|funding
exploratory data analysis|general country name
exploratory data analysis|general reference datum
exploratory data analysis|hdf5 integration
exploratory data analysis|how many user
exploratory data analysis|interactive preview
exploratory data analysis|jquery plugin
exploratory data analysis|microsoft power bi integration
exploratory data analysis|ml dataset
exploratory data analysis|mongo integration
exploratory data analysis|ms - sql
exploratory data analysis|new data column
exploratory data analysis|new visualization
exploratory data analysis|online service
exploratory data analysis|preview button
exploratory data analysis|quality of data
exploratory data analysis|reference datum on inflation
exploratory data analysis|spss integration
exploratory data analysis|tool
exploratory data analysis|useful metadata
exploratory data analysis|way
exploratory data analysis|web socket protocol
feather integration|app
feather integration|feather integration
feather integration|interactive preview
feather integration|jquery plugin
feather integration|mongo integration
feather integration|ms - sql
feather integration|quality of data
feather integration|web socket protocol
funding|analysis
funding|app
funding|dspace integration
funding|eprint integration
funding|feather integration
funding|funding
funding|hdf5 integration
funding|interactive preview
funding|jquery plugin
funding|microsoft power bi integration
funding|mongo integration
funding|ms - sql
funding|new data column
funding|online service
funding|quality of data
funding|reference datum on inflation
funding|spss integration
funding|tool
funding|useful metadata
funding|way
funding|web socket protocol
general country name|analysis
general country name|app
general country name|datum package
general country name|dspace integration
general country name|eprint integration
general country name|feather integration
general country name|funding
general country name|general country name
general country name|general reference datum
general country name|hdf5 integration
general country name|how many user
general country name|interactive preview
general country name|jquery plugin
general country name|microsoft power bi integration
general country name|ml dataset
general country name|mongo integration
general country name|ms - sql
general country name|new data column
general country name|online service
general country name|preview button
general country name|quality of data
general country name|reference datum on inflation
general country name|spss integration
general country name|tool
general country name|useful metadata
general country name|way
general country name|web socket protocol
general reference datum|analysis
general reference datum|app
general reference datum|dspace integration
general reference datum|eprint integration
general reference datum|feather integration
general reference datum|funding
general reference datum|general reference datum
general reference datum|hdf5 integration
general reference datum|interactive preview
general reference datum|jquery plugin
general reference datum|microsoft power bi integration
general reference datum|ml dataset
general reference datum|mongo integration
general reference datum|ms - sql
general reference datum|new data column
general reference datum|online service
general reference datum|quality of data
general reference datum|reference datum on inflation
general reference datum|spss integration
general reference datum|tool
general reference datum|useful metadata
general reference datum|way
general reference datum|web socket protocol
hdf5 integration|app
hdf5 integration|feather integration
hdf5 integration|hdf5 integration
hdf5 integration|interactive preview
hdf5 integration|jquery plugin
hdf5 integration|microsoft power bi integration
hdf5 integration|mongo integration
hdf5 integration|ms - sql
hdf5 integration|quality of data
hdf5 integration|web socket protocol
how many user|analysis
how many user|app
how many user|datum package
how many user|dspace integration
how many user|eprint integration
how many user|feather integration
how many user|funding
how many user|general reference datum
how many user|hdf5 integration
how many user|how many user
how many user|interactive preview
how many user|jquery plugin
how many user|microsoft power bi integration
how many user|ml dataset
how many user|mongo integration
how many user|ms - sql
how many user|new data column
how many user|online service
how many user|quality of data
how many user|reference datum on inflation
how many user|spss integration
how many user|tool
how many user|useful metadata
how many user|way
how many user|web socket protocol
integration|analysis
integration|app
integration|command line tool
integration|datum package
integration|doi
integration|dspace integration
integration|elasticsearch integration
integration|eml dataset
integration|eprint integration
integration|excel spreadsheet
integration|exist wizard
integration|exploratory data analysis
integration|feather integration
integration|funding
integration|general country name
integration|general reference datum
integration|hdf5 integration
integration|how many user
integration|integration
integration|interactive preview
integration|jquery plugin
integration|microsoft power bi integration
integration|ml dataset
integration|mongo integration
integration|ms - sql
integration|new data column
integration|new visualization
integration|online service
integration|preview button
integration|quality of data
integration|reference datum on inflation
integration|spss integration
integration|tool
integration|useful metadata
integration|way
integration|web socket protocol
interactive preview|app
interactive preview|interactive preview
interactive preview|ms - sql
jquery plugin|app
jquery plugin|interactive preview
jquery plugin|jquery plugin
jquery plugin|mongo integration
jquery plugin|ms - sql
jquery plugin|quality of data
jquery plugin|web socket protocol
line|analysis
line|app
line|command line tool
line|dat integration
line|datum
line|datum package
line|doi
line|dspace integration
line|elasticsearch integration
line|eml dataset
line|eprint integration
line|excel spreadsheet
line|exist wizard
line|exploratory data analysis
line|feather integration
line|funding
line|general country name
line|general reference datum
line|hdf5 integration
line|how many user
line|integration
line|interactive preview
line|jquery plugin
line|line
line|microsoft power bi integration
line|ml dataset
line|mongo integration
line|ms - sql
line|netcdf integration
line|new data column
line|new visualization
line|online service
line|preview button
line|quality of data
line|reference datum on inflation
line|remote - control vocabulary
line|reproducible step
line|spss integration
line|tool
line|type information
line|useful metadata
line|visualization
line|way
line|web socket protocol
microsoft power bi integration|app
microsoft power bi integration|feather integration
microsoft power bi integration|interactive preview
microsoft power bi integration|jquery plugin
microsoft power bi integration|microsoft power bi integration
microsoft power bi integration|mongo integration
microsoft power bi integration|ms - sql
microsoft power bi integration|quality of data
microsoft power bi integration|web socket protocol
ml dataset|analysis
ml dataset|app
ml dataset|dspace integration
ml dataset|eprint integration
ml dataset|feather integration
ml dataset|funding
ml dataset|hdf5 integration
ml dataset|interactive preview
ml dataset|jquery plugin
ml dataset|microsoft power bi integration
ml dataset|ml dataset
ml dataset|mongo integration
ml dataset|ms - sql
ml dataset|new data column
ml dataset|online service
ml dataset|quality of data
ml dataset|reference datum on inflation
ml dataset|spss integration
ml dataset|tool
ml dataset|useful metadata
ml dataset|way
ml dataset|web socket protocol
mongo integration|app
mongo integration|interactive preview
mongo integration|mongo integration
mongo integration|ms - sql
mongo integration|quality of data
ms - sql|app
ms - sql|ms - sql
netcdf integration|analysis
netcdf integration|app
netcdf integration|command line tool
netcdf integration|datum package
netcdf integration|doi
netcdf integration|dspace integration
netcdf integration|elasticsearch integration
netcdf integration|eml dataset
netcdf integration|eprint integration
netcdf integration|excel spreadsheet
netcdf integration|exist wizard
netcdf integration|exploratory data analysis
netcdf integration|feather integration
netcdf integration|funding
netcdf integration|general country name
netcdf integration|general reference datum
netcdf integration|hdf5 integration
netcdf integration|how many user
netcdf integration|integration
netcdf integration|interactive preview
netcdf integration|jquery plugin
netcdf integration|microsoft power bi integration
netcdf integration|ml dataset
netcdf integration|mongo integration
netcdf integration|ms - sql
netcdf integration|netcdf integration
netcdf integration|new data column
netcdf integration|new visualization
netcdf integration|online service
netcdf integration|preview button
netcdf integration|quality of data
netcdf integration|reference datum on inflation
netcdf integration|spss integration
netcdf integration|tool
netcdf integration|useful metadata
netcdf integration|visualization
netcdf integration|way
netcdf integration|web socket protocol
new data column|app
new data column|eprint integration
new data column|feather integration
new data column|hdf5 integration
new data column|interactive preview
new data column|jquery plugin
new data column|microsoft power bi integration
new data column|mongo integration
new data column|ms - sql
new data column|new data column
new data column|online service
new data column|quality of data
new data column|reference datum on inflation
new data column|spss integration
new data column|tool
new data column|useful metadata
new data column|way
new data column|web socket protocol
new visualization|analysis
new visualization|app
new visualization|datum package
new visualization|doi
new visualization|dspace integration
new visualization|elasticsearch integration
new visualization|eml dataset
new visualization|eprint integration
new visualization|excel spreadsheet
new visualization|exist wizard
new visualization|feather integration
new visualization|funding
new visualization|general country name
new visualization|general reference datum
new visualization|hdf5 integration
new visualization|how many user
new visualization|interactive preview
new visualization|jquery plugin
new visualization|microsoft power bi integration
new visualization|ml dataset
new visualization|mongo integration
new visualization|ms - sql
new visualization|new data column
new visualization|new visualization
new visualization|online service
new visualization|preview button
new visualization|quality of data
new visualization|reference datum on inflation
new visualization|spss integration
new visualization|tool
new visualization|useful metadata
new visualization|way
new visualization|web socket protocol
online service|app
online service|feather integration
online service|hdf5 integration
online service|interactive preview
online service|jquery plugin
online service|microsoft power bi integration
online service|mongo integration
online service|ms - sql
online service|online service
online service|quality of data
online service|web socket protocol
preview button|analysis
preview button|app
preview button|datum package
preview button|dspace integration
preview button|eprint integration
preview button|feather integration
preview button|funding
preview button|general reference datum
preview button|hdf5 integration
preview button|how many user
preview button|interactive preview
preview button|jquery plugin
preview button|microsoft power bi integration
preview button|ml dataset
preview button|mongo integration
preview button|ms - sql
preview button|new data column
preview button|online service
preview button|preview button
preview button|quality of data
preview button|reference datum on inflation
preview button|spss integration
preview button|tool
preview button|useful metadata
preview button|way
preview button|web socket protocol
quality of data|app
quality of data|interactive preview
quality of data|ms - sql
quality of data|quality of data
reference datum on inflation|app
reference datum on inflation|eprint integration
reference datum on inflation|feather integration
reference datum on inflation|hdf5 integration
reference datum on inflation|interactive preview
reference datum on inflation|jquery plugin
reference datum on inflation|microsoft power bi integration
reference datum on inflation|mongo integration
reference datum on inflation|ms - sql
reference datum on inflation|online service
reference datum on inflation|quality of data
reference datum on inflation|reference datum on inflation
reference datum on inflation|spss integration
reference datum on inflation|tool
reference datum on inflation|way
reference datum on inflation|web socket protocol
remote - control vocabulary|analysis
remote - control vocabulary|app
remote - control vocabulary|command line tool
remote - control vocabulary|dat integration
remote - control vocabulary|datum
remote - control vocabulary|datum package
remote - control vocabulary|doi
remote - control vocabulary|dspace integration
remote - control vocabulary|elasticsearch integration
remote - control vocabulary|eml dataset
remote - control vocabulary|eprint integration
remote - control vocabulary|excel spreadsheet
remote - control vocabulary|exist wizard
remote - control vocabulary|exploratory data analysis
remote - control vocabulary|feather integration
remote - control vocabulary|funding
remote - control vocabulary|general country name
remote - control vocabulary|general reference datum
remote - control vocabulary|hdf5 integration
remote - control vocabulary|how many user
remote - control vocabulary|integration
remote - control vocabulary|interactive preview
remote - control vocabulary|jquery plugin
remote - control vocabulary|microsoft power bi integration
remote - control vocabulary|ml dataset
remote - control vocabulary|mongo integration
remote - control vocabulary|ms - sql
remote - control vocabulary|netcdf integration
remote - control vocabulary|new data column
remote - control vocabulary|new visualization
remote - control vocabulary|online service
remote - control vocabulary|preview button
remote - control vocabulary|quality of data
remote - control vocabulary|reference datum on inflation
remote - control vocabulary|remote - control vocabulary
remote - control vocabulary|reproducible step
remote - control vocabulary|spss integration
remote - control vocabulary|tool
remote - control vocabulary|type information
remote - control vocabulary|useful metadata
remote - control vocabulary|visualization
remote - control vocabulary|way
remote - control vocabulary|web socket protocol
reproducible step|analysis
reproducible step|app
reproducible step|command line tool
reproducible step|datum
reproducible step|datum package
reproducible step|doi
reproducible step|dspace integration
reproducible step|elasticsearch integration
reproducible step|eml dataset
reproducible step|eprint integration
reproducible step|excel spreadsheet
reproducible step|exist wizard
reproducible step|exploratory data analysis
reproducible step|feather integration
reproducible step|funding
reproducible step|general country name
reproducible step|general reference datum
reproducible step|hdf5 integration
reproducible step|how many user
reproducible step|integration
reproducible step|interactive preview
reproducible step|jquery plugin
reproducible step|microsoft power bi integration
reproducible step|ml dataset
reproducible step|mongo integration
reproducible step|ms - sql
reproducible step|netcdf integration
reproducible step|new data column
reproducible step|new visualization
reproducible step|online service
reproducible step|preview button
reproducible step|quality of data
reproducible step|reference datum on inflation
reproducible step|reproducible step
reproducible step|spss integration
reproducible step|tool
reproducible step|useful metadata
reproducible step|visualization
reproducible step|way
reproducible step|web socket protocol
spss integration|app
spss integration|eprint integration
spss integration|feather integration
spss integration|hdf5 integration
spss integration|interactive preview
spss integration|jquery plugin
spss integration|microsoft power bi integration
spss integration|mongo integration
spss integration|ms - sql
spss integration|online service
spss integration|quality of data
spss integration|spss integration
spss integration|tool
spss integration|web socket protocol
tool|app
tool|eprint integration
tool|feather integration
tool|hdf5 integration
tool|interactive preview
tool|jquery plugin
tool|microsoft power bi integration
tool|mongo integration
tool|ms - sql
tool|online service
tool|quality of data
tool|tool
tool|web socket protocol
type information|analysis
type information|app
type information|command line tool
type information|dat integration
type information|datum
type information|datum package
type information|doi
type information|dspace integration
type information|elasticsearch integration
type information|eml dataset
type information|eprint integration
type information|excel spreadsheet
type information|exist wizard
type information|exploratory data analysis
type information|feather integration
type information|funding
type information|general country name
type information|general reference datum
type information|hdf5 integration
type information|how many user
type information|integration
type information|interactive preview
type information|jquery plugin
type information|microsoft power bi integration
type information|ml dataset
type information|mongo integration
type information|ms - sql
type information|netcdf integration
type information|new data column
type information|new visualization
type information|online service
type information|preview button
type information|quality of data
type information|reference datum on inflation
type information|reproducible step
type information|spss integration
type information|tool
type information|type information
type information|useful metadata
type information|visualization
type information|way
type information|web socket protocol
useful metadata|app
useful metadata|eprint integration
useful metadata|feather integration
useful metadata|hdf5 integration
useful metadata|interactive preview
useful metadata|jquery plugin
useful metadata|microsoft power bi integration
useful metadata|mongo integration
useful metadata|ms - sql
useful metadata|online service
useful metadata|quality of data
useful metadata|reference datum on inflation
useful metadata|spss integration
useful metadata|tool
useful metadata|useful metadata
useful metadata|way
useful metadata|web socket protocol
visualization|analysis
visualization|app
visualization|command line tool
visualization|datum package
visualization|doi
visualization|dspace integration
visualization|elasticsearch integration
visualization|eml dataset
visualization|eprint integration
visualization|excel spreadsheet
visualization|exist wizard
visualization|exploratory data analysis
visualization|feather integration
visualization|funding
visualization|general country name
visualization|general reference datum
visualization|hdf5 integration
visualization|how many user
visualization|integration
visualization|interactive preview
visualization|jquery plugin
visualization|microsoft power bi integration
visualization|ml dataset
visualization|mongo integration
visualization|ms - sql
visualization|new data column
visualization|new visualization
visualization|online service
visualization|preview button
visualization|quality of data
visualization|reference datum on inflation
visualization|spss integration
visualization|tool
visualization|useful metadata
visualization|visualization
visualization|way
visualization|web socket protocol
way|app
way|eprint integration
way|feather integration
way|hdf5 integration
way|interactive preview
way|jquery plugin
way|microsoft power bi integration
way|mongo integration
way|ms - sql
way|online service
way|quality of data
way|spss integration
way|tool
way|way
way|web socket protocol
web socket protocol|app
web socket protocol|interactive preview
web socket protocol|mongo integration
web socket protocol|ms - sql
web socket protocol|quality of data
web socket protocol|web socket protocol
